seq	len
NTEAFF	6
NYGYTF	6
SGNTIYF	7
TNEKLFF	7
SNQPQHF	7
SYNSPLHF	8
SYNEQFF	7
NTGELFF	7
STDTQYF	7
AKNIQYF	7
QETQYF	6
SGANVLTF	8
SYEQYF	6
SYEQYV	6
TEAFF	5
YGYTF	5
GNTIYF	6
NEKLFF	6
NQPQHF	6
YNSPLHF	7
YNEQFF	6
TGELFF	6
TDTQYF	6
KNIQYF	6
ETQYF	5
GANVLTF	7
YEQYF	5
YEQYV	5
EAFF	4
GYTF	4
NTIYF	5
EKLFF	5
QPQHF	5
NSPLHF	6
NEQFF	5
GELFF	5
DTQYF	5
NIQYF	5
TQYF	4
ANVLTF	6
EQYF	4
EQYV	4
AFF	3
YTF	3
TIYF	4
KLFF	4
PQHF	4
SPLHF	5
EQFF	4
ELFF	4
IQYF	4
QYF	3
NVLTF	5
QYV	3
FF	2
TF	2
IYF	3
LFF	3
QHF	3
PLHF	4
QFF	3
YF	2
VLTF	4
YV	2
F	1
HF	2
LHF	3
LTF	3
V	1
