cluster.size	125	250	500	1000	2000	4000	6000	8000	10000
1	0.954980692	0.954980692	0.954980692	0.954980692	0.954980692	0.954980692	0.954980692	0.954980692	0.954980692
2	0.029106402	0.029106402	0.029106402	0.029106402	0.029106402	0.029106402	0.029106402	0.029106402	0.029106402
3	0.006190808	0.006190808	0.006190808	0.006190808	0.006190808	0.006190808	0.006190808	0.006190808	0.006190808
4	0.002347221	0.002347221	0.002347221	0.002347221	0.002347221	0.002347221	0.002347221	0.002347221	0.002347221
5	0.001456437	0.001456437	0.001456437	0.001456437	0.001456437	0.001456437	0.001456437	0.001456437	0.001456437
6	0.001212588	0.001212588	0.001212588	0.001212588	0.001212588	0.001212588	0.001212588	0.001212588	0.001212588
7	0.000862264	0.000862264	0.000862264	0.000862264	0.000862264	0.000862264	0.000862264	0.000862264	0.000862264
8	0.000829941	0.000829941	0.000829941	0.000829941	0.000829941	0.000829941	0.000829941	0.000829941	0.000829941
9	0.000476289	0.000476289	0.000476289	0.000476289	0.000476289	0.000476289	0.000476289	0.000476289	0.000476289
10	0.000313723	0.000313723	0.000313723	0.000313723	0.000313723	0.000313723	0.000313723	0.000313723	0.000313723
11	0.000240521	0.000240521	0.000240521	0.000240521	0.000240521	0.000240521	0.000240521	0.000240521	0.000240521
12	0.00015401	0.00015401	0.00015401	0.00015401	0.00015401	0.00015401	0.00015401	0.00015401	0.00015401
13	7.70048e-05	7.70048e-05	7.70048e-05	7.70048e-05	7.70048e-05	7.70048e-05	7.70048e-05	7.70048e-05	7.70048e-05
14	7.41528e-05	7.41528e-05	7.41528e-05	7.41528e-05	7.41528e-05	7.41528e-05	7.41528e-05	7.41528e-05	7.41528e-05
15	9.50677e-05	9.50677e-05	9.50677e-05	9.50677e-05	9.50677e-05	9.50677e-05	9.50677e-05	9.50677e-05	9.50677e-05
16	8.55609e-05	8.55609e-05	8.55609e-05	8.55609e-05	8.55609e-05	8.55609e-05	8.55609e-05	8.55609e-05	8.55609e-05
17	9.50677e-05	9.50677e-05	9.50677e-05	9.50677e-05	9.50677e-05	9.50677e-05	9.50677e-05	9.50677e-05	9.50677e-05
18	8.55609e-05	8.55609e-05	8.55609e-05	8.55609e-05	8.55609e-05	8.55609e-05	8.55609e-05	8.55609e-05	8.55609e-05
19	0.000111229	0.000111229	0.000111229	0.000111229	0.000111229	0.000111229	0.000111229	0.000111229	0.000111229
20	8.08075e-05	8.08075e-05	8.08075e-05	8.08075e-05	8.08075e-05	8.08075e-05	8.08075e-05	8.08075e-05	8.08075e-05
21	9.60184e-05	9.60184e-05	9.60184e-05	9.60184e-05	9.60184e-05	9.60184e-05	9.60184e-05	9.60184e-05	9.60184e-05
22	7.51035e-05	7.51035e-05	7.51035e-05	7.51035e-05	7.51035e-05	7.51035e-05	7.51035e-05	7.51035e-05	7.51035e-05
23	8.46103e-05	8.46103e-05	8.46103e-05	8.46103e-05	8.46103e-05	8.46103e-05	8.46103e-05	8.46103e-05	8.46103e-05
24	8.36596e-05	8.36596e-05	8.36596e-05	8.36596e-05	8.36596e-05	8.36596e-05	8.36596e-05	8.36596e-05	8.36596e-05
25	5.22872e-05	5.22872e-05	5.22872e-05	5.22872e-05	5.22872e-05	5.22872e-05	5.22872e-05	5.22872e-05	5.22872e-05
26	3.80271e-05	3.80271e-05	3.80271e-05	3.80271e-05	3.80271e-05	3.80271e-05	3.80271e-05	3.80271e-05	3.80271e-05
27	2.56683e-05	2.56683e-05	2.56683e-05	2.56683e-05	2.56683e-05	2.56683e-05	2.56683e-05	2.56683e-05	2.56683e-05
28	3.99284e-05	3.99284e-05	3.99284e-05	3.99284e-05	3.99284e-05	3.99284e-05	3.99284e-05	3.99284e-05	3.99284e-05
29	3.99284e-05	3.99284e-05	3.99284e-05	3.99284e-05	3.99284e-05	3.99284e-05	3.99284e-05	3.99284e-05	3.99284e-05
30	3.04217e-05	3.04217e-05	3.04217e-05	3.04217e-05	3.04217e-05	3.04217e-05	3.04217e-05	3.04217e-05	3.04217e-05
31	2.37669e-05	2.37669e-05	2.37669e-05	2.37669e-05	2.37669e-05	2.37669e-05	2.37669e-05	2.37669e-05	2.37669e-05
32	2.85203e-05	2.85203e-05	2.85203e-05	2.85203e-05	2.85203e-05	2.85203e-05	2.85203e-05	2.85203e-05	2.85203e-05
33	3.70764e-05	3.70764e-05	3.70764e-05	3.70764e-05	3.70764e-05	3.70764e-05	3.70764e-05	3.70764e-05	3.70764e-05
34	3.42244e-05	3.42244e-05	3.42244e-05	3.42244e-05	3.42244e-05	3.42244e-05	3.42244e-05	3.42244e-05	3.42244e-05
35	3.04217e-05	3.04217e-05	3.04217e-05	3.04217e-05	3.04217e-05	3.04217e-05	3.04217e-05	3.04217e-05	3.04217e-05
36	3.32737e-05	3.32737e-05	3.32737e-05	3.32737e-05	3.32737e-05	3.32737e-05	3.32737e-05	3.32737e-05	3.32737e-05
37	3.04217e-05	3.04217e-05	3.04217e-05	3.04217e-05	3.04217e-05	3.04217e-05	3.04217e-05	3.04217e-05	3.04217e-05
38	3.32737e-05	3.32737e-05	3.32737e-05	3.32737e-05	3.32737e-05	3.32737e-05	3.32737e-05	3.32737e-05	3.32737e-05
39	3.99284e-05	3.99284e-05	3.99284e-05	3.99284e-05	3.99284e-05	3.99284e-05	3.99284e-05	3.99284e-05	3.99284e-05
40	2.9471e-05	2.9471e-05	2.9471e-05	2.9471e-05	2.9471e-05	2.9471e-05	2.9471e-05	2.9471e-05	2.9471e-05
41	3.04217e-05	3.04217e-05	3.04217e-05	3.04217e-05	3.04217e-05	3.04217e-05	3.04217e-05	3.04217e-05	3.04217e-05
42	3.2323e-05	3.2323e-05	3.2323e-05	3.2323e-05	3.2323e-05	3.2323e-05	3.2323e-05	3.2323e-05	3.2323e-05
43	2.6619e-05	2.6619e-05	2.6619e-05	2.6619e-05	2.6619e-05	2.6619e-05	2.6619e-05	2.6619e-05	2.6619e-05
44	1.14081e-05	1.14081e-05	1.14081e-05	1.14081e-05	1.14081e-05	1.14081e-05	1.14081e-05	1.14081e-05	1.14081e-05
45	1.42602e-05	1.42602e-05	1.42602e-05	1.42602e-05	1.42602e-05	1.42602e-05	1.42602e-05	1.42602e-05	1.42602e-05
46	1.52108e-05	1.52108e-05	1.52108e-05	1.52108e-05	1.52108e-05	1.52108e-05	1.52108e-05	1.52108e-05	1.52108e-05
47	1.52108e-05	1.52108e-05	1.52108e-05	1.52108e-05	1.52108e-05	1.52108e-05	1.52108e-05	1.52108e-05	1.52108e-05
48	1.71122e-05	1.71122e-05	1.71122e-05	1.71122e-05	1.71122e-05	1.71122e-05	1.71122e-05	1.71122e-05	1.71122e-05
49	2.18656e-05	2.18656e-05	2.18656e-05	2.18656e-05	2.18656e-05	2.18656e-05	2.18656e-05	2.18656e-05	2.18656e-05
50	1.42602e-05	1.42602e-05	1.42602e-05	1.42602e-05	1.42602e-05	1.42602e-05	1.42602e-05	1.42602e-05	1.42602e-05
51	1e-05	1e-05	1e-05	1e-05	1e-05	1e-05	1e-05	1e-05	1e-05
52	1e-05	1e-05	1e-05	1e-05	1e-05	1e-05	1e-05	1e-05	1e-05
53	1e-05	1e-05	1e-05	1e-05	1e-05	1e-05	1e-05	1e-05	1e-05
54	1e-05	1e-05	1e-05	1e-05	1e-05	1e-05	1e-05	1e-05	1e-05
55	1e-05	1e-05	1e-05	1e-05	1e-05	1e-05	1e-05	1e-05	1e-05
56	1e-05	1e-05	1e-05	1e-05	1e-05	1e-05	1e-05	1e-05	1e-05
57	1e-05	1e-05	1e-05	1e-05	1e-05	1e-05	1e-05	1e-05	1e-05
58	1e-05	1e-05	1e-05	1e-05	1e-05	1e-05	1e-05	1e-05	1e-05
59	1e-05	1e-05	1e-05	1e-05	1e-05	1e-05	1e-05	1e-05	1e-05
60	1e-05	1e-05	1e-05	1e-05	1e-05	1e-05	1e-05	1e-05	1e-05
61	1e-05	1e-05	1e-05	1e-05	1e-05	1e-05	1e-05	1e-05	1e-05
62	1e-05	1e-05	1e-05	1e-05	1e-05	1e-05	1e-05	1e-05	1e-05
63	1e-05	1e-05	1e-05	1e-05	1e-05	1e-05	1e-05	1e-05	1e-05
64	1e-05	1e-05	1e-05	1e-05	1e-05	1e-05	1e-05	1e-05	1e-05
65	1e-05	1e-05	1e-05	1e-05	1e-05	1e-05	1e-05	1e-05	1e-05
66	1e-05	1e-05	1e-05	1e-05	1e-05	1e-05	1e-05	1e-05	1e-05
67	1e-05	1e-05	1e-05	1e-05	1e-05	1e-05	1e-05	1e-05	1e-05
68	1e-05	1e-05	1e-05	1e-05	1e-05	1e-05	1e-05	1e-05	1e-05
69	1e-05	1e-05	1e-05	1e-05	1e-05	1e-05	1e-05	1e-05	1e-05
70	1e-05	1e-05	1e-05	1e-05	1e-05	1e-05	1e-05	1e-05	1e-05
71	1e-05	1e-05	1e-05	1e-05	1e-05	1e-05	1e-05	1e-05	1e-05
72	1e-05	1e-05	1e-05	1e-05	1e-05	1e-05	1e-05	1e-05	1e-05
73	1e-05	1e-05	1e-05	1e-05	1e-05	1e-05	1e-05	1e-05	1e-05
74	1e-05	1e-05	1e-05	1e-05	1e-05	1e-05	1e-05	1e-05	1e-05
75	1e-05	1e-05	1e-05	1e-05	1e-05	1e-05	1e-05	1e-05	1e-05
76	1e-05	1e-05	1e-05	1e-05	1e-05	1e-05	1e-05	1e-05	1e-05
77	1e-05	1e-05	1e-05	1e-05	1e-05	1e-05	1e-05	1e-05	1e-05
78	1e-05	1e-05	1e-05	1e-05	1e-05	1e-05	1e-05	1e-05	1e-05
79	1e-05	1e-05	1e-05	1e-05	1e-05	1e-05	1e-05	1e-05	1e-05
80	1e-05	1e-05	1e-05	1e-05	1e-05	1e-05	1e-05	1e-05	1e-05
81	1e-05	1e-05	1e-05	1e-05	1e-05	1e-05	1e-05	1e-05	1e-05
82	1e-05	1e-05	1e-05	1e-05	1e-05	1e-05	1e-05	1e-05	1e-05
83	1e-05	1e-05	1e-05	1e-05	1e-05	1e-05	1e-05	1e-05	1e-05
84	1e-05	1e-05	1e-05	1e-05	1e-05	1e-05	1e-05	1e-05	1e-05
85	1e-05	1e-05	1e-05	1e-05	1e-05	1e-05	1e-05	1e-05	1e-05
86	1e-05	1e-05	1e-05	1e-05	1e-05	1e-05	1e-05	1e-05	1e-05
87	1e-05	1e-05	1e-05	1e-05	1e-05	1e-05	1e-05	1e-05	1e-05
88	1e-05	1e-05	1e-05	1e-05	1e-05	1e-05	1e-05	1e-05	1e-05
89	1e-05	1e-05	1e-05	1e-05	1e-05	1e-05	1e-05	1e-05	1e-05
90	1e-05	1e-05	1e-05	1e-05	1e-05	1e-05	1e-05	1e-05	1e-05
91	1e-05	1e-05	1e-05	1e-05	1e-05	1e-05	1e-05	1e-05	1e-05
92	1e-05	1e-05	1e-05	1e-05	1e-05	1e-05	1e-05	1e-05	1e-05
93	1e-05	1e-05	1e-05	1e-05	1e-05	1e-05	1e-05	1e-05	1e-05
94	1e-05	1e-05	1e-05	1e-05	1e-05	1e-05	1e-05	1e-05	1e-05
95	1e-05	1e-05	1e-05	1e-05	1e-05	1e-05	1e-05	1e-05	1e-05
96	1e-05	1e-05	1e-05	1e-05	1e-05	1e-05	1e-05	1e-05	1e-05
97	1e-05	1e-05	1e-05	1e-05	1e-05	1e-05	1e-05	1e-05	1e-05
98	1e-05	1e-05	1e-05	1e-05	1e-05	1e-05	1e-05	1e-05	1e-05
99	1e-05	1e-05	1e-05	1e-05	1e-05	1e-05	1e-05	1e-05	1e-05
100	1e-05	1e-05	1e-05	1e-05	1e-05	1e-05	1e-05	1e-05	1e-05
